{
  "_format": "hh3-sol-build-info-1",
  "id": "solc-0_8_28-0ddc6dc5a1016738c230522901ea5b19a07edea3",
  "solcVersion": "0.8.28",
  "solcLongVersion": "0.8.28+commit.7893614a",
  "userSourceNameMap": {
    "contracts/Payment.sol": "project/contracts/Payment.sol"
  },
  "input": {
    "language": "Solidity",
    "settings": {
      "evmVersion": "cancun",
      "optimizer": {
        "enabled": true,
        "runs": 200
      },
      "outputSelection": {
        "*": {
          "": [
            "ast"
          ],
          "*": [
            "abi",
            "evm.bytecode",
            "evm.deployedBytecode",
            "evm.methodIdentifiers",
            "metadata"
          ]
        }
      },
      "remappings": [
        "project/:@openzeppelin/contracts/=npm/@openzeppelin/contracts@5.4.0/",
        "project/:@openzeppelin/contracts/=npm/@openzeppelin/contracts@5.4.0/"
      ]
    },
    "sources": {
      "npm/@openzeppelin/contracts@5.4.0/access/Ownable.sol": {
        "content": "// SPDX-License-Identifier: MIT\n// OpenZeppelin Contracts (last updated v5.0.0) (access/Ownable.sol)\n\npragma solidity ^0.8.20;\n\nimport {Context} from \"../utils/Context.sol\";\n\n/**\n * @dev Contract module which provides a basic access control mechanism, where\n * there is an account (an owner) that can be granted exclusive access to\n * specific functions.\n *\n * The initial owner is set to the address provided by the deployer. This can\n * later be changed with {transferOwnership}.\n *\n * This module is used through inheritance. It will make available the modifier\n * `onlyOwner`, which can be applied to your functions to restrict their use to\n * the owner.\n */\nabstract contract Ownable is Context {\n    address private _owner;\n\n    /**\n     * @dev The caller account is not authorized to perform an operation.\n     */\n    error OwnableUnauthorizedAccount(address account);\n\n    /**\n     * @dev The owner is not a valid owner account. (eg. `address(0)`)\n     */\n    error OwnableInvalidOwner(address owner);\n\n    event OwnershipTransferred(address indexed previousOwner, address indexed newOwner);\n\n    /**\n     * @dev Initializes the contract setting the address provided by the deployer as the initial owner.\n     */\n    constructor(address initialOwner) {\n        if (initialOwner == address(0)) {\n            revert OwnableInvalidOwner(address(0));\n        }\n        _transferOwnership(initialOwner);\n    }\n\n    /**\n     * @dev Throws if called by any account other than the owner.\n     */\n    modifier onlyOwner() {\n        _checkOwner();\n        _;\n    }\n\n    /**\n     * @dev Returns the address of the current owner.\n     */\n    function owner() public view virtual returns (address) {\n        return _owner;\n    }\n\n    /**\n     * @dev Throws if the sender is not the owner.\n     */\n    function _checkOwner() internal view virtual {\n        if (owner() != _msgSender()) {\n            revert OwnableUnauthorizedAccount(_msgSender());\n        }\n    }\n\n    /**\n     * @dev Leaves the contract without owner. It will not be possible to call\n     * `onlyOwner` functions. Can only be called by the current owner.\n     *\n     * NOTE: Renouncing ownership will leave the contract without an owner,\n     * thereby disabling any functionality that is only available to the owner.\n     */\n    function renounceOwnership() public virtual onlyOwner {\n        _transferOwnership(address(0));\n    }\n\n    /**\n     * @dev Transfers ownership of the contract to a new account (`newOwner`).\n     * Can only be called by the current owner.\n     */\n    function transferOwnership(address newOwner) public virtual onlyOwner {\n        if (newOwner == address(0)) {\n            revert OwnableInvalidOwner(address(0));\n        }\n        _transferOwnership(newOwner);\n    }\n\n    /**\n     * @dev Transfers ownership of the contract to a new account (`newOwner`).\n     * Internal function without access restriction.\n     */\n    function _transferOwnership(address newOwner) internal virtual {\n        address oldOwner = _owner;\n        _owner = newOwner;\n        emit OwnershipTransferred(oldOwner, newOwner);\n    }\n}\n"
      },
      "npm/@openzeppelin/contracts@5.4.0/utils/Context.sol": {
        "content": "// SPDX-License-Identifier: MIT\n// OpenZeppelin Contracts (last updated v5.0.1) (utils/Context.sol)\n\npragma solidity ^0.8.20;\n\n/**\n * @dev Provides information about the current execution context, including the\n * sender of the transaction and its data. While these are generally available\n * via msg.sender and msg.data, they should not be accessed in such a direct\n * manner, since when dealing with meta-transactions the account sending and\n * paying for execution may not be the actual sender (as far as an application\n * is concerned).\n *\n * This contract is only required for intermediate, library-like contracts.\n */\nabstract contract Context {\n    function _msgSender() internal view virtual returns (address) {\n        return msg.sender;\n    }\n\n    function _msgData() internal view virtual returns (bytes calldata) {\n        return msg.data;\n    }\n\n    function _contextSuffixLength() internal view virtual returns (uint256) {\n        return 0;\n    }\n}\n"
      },
      "npm/@openzeppelin/contracts@5.4.0/utils/ReentrancyGuard.sol": {
        "content": "// SPDX-License-Identifier: MIT\n// OpenZeppelin Contracts (last updated v5.1.0) (utils/ReentrancyGuard.sol)\n\npragma solidity ^0.8.20;\n\n/**\n * @dev Contract module that helps prevent reentrant calls to a function.\n *\n * Inheriting from `ReentrancyGuard` will make the {nonReentrant} modifier\n * available, which can be applied to functions to make sure there are no nested\n * (reentrant) calls to them.\n *\n * Note that because there is a single `nonReentrant` guard, functions marked as\n * `nonReentrant` may not call one another. This can be worked around by making\n * those functions `private`, and then adding `external` `nonReentrant` entry\n * points to them.\n *\n * TIP: If EIP-1153 (transient storage) is available on the chain you're deploying at,\n * consider using {ReentrancyGuardTransient} instead.\n *\n * TIP: If you would like to learn more about reentrancy and alternative ways\n * to protect against it, check out our blog post\n * https://blog.openzeppelin.com/reentrancy-after-istanbul/[Reentrancy After Istanbul].\n */\nabstract contract ReentrancyGuard {\n    // Booleans are more expensive than uint256 or any type that takes up a full\n    // word because each write operation emits an extra SLOAD to first read the\n    // slot's contents, replace the bits taken up by the boolean, and then write\n    // back. This is the compiler's defense against contract upgrades and\n    // pointer aliasing, and it cannot be disabled.\n\n    // The values being non-zero value makes deployment a bit more expensive,\n    // but in exchange the refund on every call to nonReentrant will be lower in\n    // amount. Since refunds are capped to a percentage of the total\n    // transaction's gas, it is best to keep them low in cases like this one, to\n    // increase the likelihood of the full refund coming into effect.\n    uint256 private constant NOT_ENTERED = 1;\n    uint256 private constant ENTERED = 2;\n\n    uint256 private _status;\n\n    /**\n     * @dev Unauthorized reentrant call.\n     */\n    error ReentrancyGuardReentrantCall();\n\n    constructor() {\n        _status = NOT_ENTERED;\n    }\n\n    /**\n     * @dev Prevents a contract from calling itself, directly or indirectly.\n     * Calling a `nonReentrant` function from another `nonReentrant`\n     * function is not supported. It is possible to prevent this from happening\n     * by making the `nonReentrant` function external, and making it call a\n     * `private` function that does the actual work.\n     */\n    modifier nonReentrant() {\n        _nonReentrantBefore();\n        _;\n        _nonReentrantAfter();\n    }\n\n    function _nonReentrantBefore() private {\n        // On the first call to nonReentrant, _status will be NOT_ENTERED\n        if (_status == ENTERED) {\n            revert ReentrancyGuardReentrantCall();\n        }\n\n        // Any calls to nonReentrant after this point will fail\n        _status = ENTERED;\n    }\n\n    function _nonReentrantAfter() private {\n        // By storing the original value once again, a refund is triggered (see\n        // https://eips.ethereum.org/EIPS/eip-2200)\n        _status = NOT_ENTERED;\n    }\n\n    /**\n     * @dev Returns true if the reentrancy guard is currently set to \"entered\", which indicates there is a\n     * `nonReentrant` function in the call stack.\n     */\n    function _reentrancyGuardEntered() internal view returns (bool) {\n        return _status == ENTERED;\n    }\n}\n"
      },
      "project/contracts/Payment.sol": {
        "content": "// SPDX-License-Identifier: UNLICENSED\r\npragma solidity ^0.8.28;\r\n\r\nimport {Ownable} from \"@openzeppelin/contracts/access/Ownable.sol\";\r\nimport {ReentrancyGuard} from \"@openzeppelin/contracts/utils/ReentrancyGuard.sol\";\r\n\r\ncontract Payment is Ownable, ReentrancyGuard {\r\n  struct PaymentRecord {\r\n    string orderId;\r\n    uint256 amount;\r\n    address payer;\r\n    uint256 timestamp;\r\n  }\r\n\r\n  mapping(string => PaymentRecord) public payments;\r\n  string[] public paymentOrderIds;\r\n  uint256 public totalReceived;\r\n\r\n  event PaymentReceived(\r\n    string orderId,\r\n    uint256 amount,\r\n    address indexed payer,\r\n    uint256 timestamp\r\n  );\r\n\r\n  event Withdrawal(address indexed to, uint256 amount, uint256 timestamp);\r\n\r\n  constructor() Ownable(msg.sender) {}\r\n\r\n  function pay(string calldata orderId) public payable nonReentrant {\r\n    require(msg.value > 0, \"Payment: amount must be greater than 0\");\r\n    require(bytes(orderId).length > 0, \"Payment: order ID must not be empty\");\r\n    require(\r\n      payments[orderId].amount == 0,\r\n      \"Payment: order ID already exists\"\r\n    );\r\n\r\n    payments[orderId] = PaymentRecord({\r\n      orderId: orderId,\r\n      amount: msg.value,\r\n      payer: msg.sender,\r\n      timestamp: block.timestamp\r\n    });\r\n\r\n    paymentOrderIds.push(orderId);\r\n    totalReceived += msg.value;\r\n\r\n    emit PaymentReceived(orderId, msg.value, msg.sender, block.timestamp);\r\n  }\r\n\r\n  function withdraw(uint256 amount) public onlyOwner nonReentrant {\r\n    require(amount > 0, \"Payment: amount must be greater than 0\");\r\n    require(\r\n      amount <= address(this).balance,\r\n      \"Payment: insufficient contract balance\"\r\n    );\r\n\r\n    (bool success, ) = owner().call{value: amount}(\"\");\r\n    require(success, \"Payment: withdrawal failed\");\r\n\r\n    emit Withdrawal(owner(), amount, block.timestamp);\r\n  }\r\n\r\n  function withdrawAll() public onlyOwner nonReentrant {\r\n    uint256 balance = address(this).balance;\r\n    require(balance > 0, \"Payment: no balance to withdraw\");\r\n\r\n    (bool success, ) = owner().call{value: balance}(\"\");\r\n    require(success, \"Payment: withdrawal failed\");\r\n\r\n    emit Withdrawal(owner(), balance, block.timestamp);\r\n  }\r\n\r\n  function getPayment(string calldata orderId)\r\n    public\r\n    view\r\n    returns (\r\n      string memory,\r\n      uint256,\r\n      address,\r\n      uint256\r\n    )\r\n  {\r\n    PaymentRecord memory payment = payments[orderId];\r\n    require(\r\n      payment.amount != 0,\r\n      \"Payment: order ID does not exist\"\r\n    );\r\n    return (payment.orderId, payment.amount, payment.payer, payment.timestamp);\r\n  }\r\n\r\n  function getPaymentCount() public view returns (uint256) {\r\n    return paymentOrderIds.length;\r\n  }\r\n\r\n  receive() external payable {\r\n    revert(\"Payment: use pay() function to send payments\");\r\n  }\r\n\r\n  fallback() external payable {\r\n    revert(\"Payment: use pay() function to send payments\");\r\n  }\r\n}\r\n\r\n"
      }
    }
  }
}